<?xml version="1.0" encoding="UTF-8"?>
<people>
    <person>
        <name>Cezarina Adamescu</name>
        <description>Cezarina Adamescu (n. 4 noiembrie 1951, Galați) este o poetă, prozatoare, eseistă, dramaturg și critic literar român. Este membru al Uniunii Scriitorilor din România, filiala Bacău.</description>
        <phone>0712345678</phone>
        <email>c.adamescu@gmail.com</email>
        <image>Unknown.jpeg</image>
        <urlaa>https://ro.wikipedia.org/wiki/Cezarina_Adamescu</urlaa>
    </person>
    <person>
        <name>Dan Alexe</name>
        <description>Dan Alexe (n. 23 ianuarie 1961, Cochirleanca, Buzău, România) este un scriitor, cineast, jurnalist, lingvist și traducător român, azi stabilit în Belgia.</description>
        <phone>0761122355</phone>
        <email>d.alexe@gmail.com</email>
        <image>Dan_Alexe.jpeg</image>
        <urlaa>https://ro.wikipedia.org/wiki/Dan_Alexe</urlaa>
    </person>
    <person>
        <name>Sorin Anca</name>
        <description>Sorin Anca (n. 7 august 1972, Poiana Galdei, județul Alba) este un poet, compozitor, grafician și artist plastic român cu domiciliul în Germania</description>
        <phone>0761122666</phone>
        <email>s.anca@gmail.com</email>
        <image>Sorin-Anca.jpeg</image>
        <urlaa>https://www.shutterstock.com/search/balgradean-cristian-emanuel</urlaa>
    </person>
    <person>
        <name>Liviu Antonesei</name>
        <description>Liviu Antonesei (n. 25 aprilie 1953, Vlădeni, Iași, România) este un scriitor, cercetător, publicist, politician democrat, actualmente retras din politică, profesor universitar din Iași</description>
        <phone>0761122377</phone>
        <email>liviu@gmail.com</email>
        <image>220px-Liviu_Antonesei.jpeg</image>
        <urlaa>https://ro.wikipedia.org/wiki/Liviu_Antonesei</urlaa>
    </person>
    <person>
        <name>Constantin Arcu</name>
        <description>Constantin Arcu (n. 24 februarie 1956, Flămânzi, jud. Botoșani) este un scriitor român. Membru al Uniunii Scriitorilor din România, Filiala de Proză București.</description>
        <phone>0761122333</phone>
        <email>constantin@gmail.com</email>
        <image>220px-Constantin_Arcu_2017.jpeg</image>
        <urlaa>https://ro.wikipedia.org/wiki/Constantin_Arcu</urlaa>
    </person>
    <person>
        <name>Victoria Furcoiu</name>
        <description>Victoria Furcoiu - Bunica[1] (n. 2 octombrie 1955, Dofteana, Bacău) este o scriitoare română, autoare de literatură pentru copii.[2] Locuiește în Covasna.</description>
        <phone>0761122333</phone>
        <email>victoria@gmail.com</email>
        <image>Victoria_Furcoiu.jpeg</image>
        <urlaa>https://ro.wikipedia.org/wiki/Victoria_Furcoiu</urlaa>
    </person>
    <person>
        <name>Igor Bergler</name>
        <description>Igor Bergler (n. 21 septembrie 1970, Reșița, Caraș-Severin, România) este scriitor, regizor, realizator de televiziune, critic de film, specialist în marketing. </description>
        <phone>0761122999</phone>
        <email>igor@gmail.com</email>
        <image>Lansare_Biblia_Pierduta_Igor_Bergler.jpeg</image>
        <urlaa>https://ro.wikipedia.org/wiki/Igor_Bergler</urlaa>
    </person>
    <person>
        <name>Lucian Boia</name>
        <description>Lucian Boia (n. 2 februarie 1944, București, România)[3] este un istoric român care a publicat extensiv în domeniul istoriei ideilor și a imaginarului. Cartea sa Istorie și mit în conștiința românească s-a impus ca reper în istoriografia română, oferind o gamă de interpretări noi și stârnind numeroase dezbateri. Boia publică atât în română, cât și în franceză. </description>
        <phone>0761677633</phone>
        <email>lucian@gmail.com</email>
        <image>220px-RK1907_MG_9265-Edit_Lucian_Boia.jpeg</image>
        <urlaa>https://ro.wikipedia.org/wiki/Lucian_Boia</urlaa>
    </person>
    <person>
        <name>Leo Butnaru</name>
        <description>Leo Butnaru (n. 5 ianuarie 1949, comuna Negureni, județul Orhei, Republica Moldova) este un poet, prozator, istoric literar/ exeget al avangardismului, eseist și traducător român. Butnare este licențiat în jurnalism și filologie al Universității de Stat din Chișinău (1967–1972). </description>
        <phone>0766776733</phone>
        <email>leo@gmail.com</email>
        <image>Unknown2.jpeg</image>
        <urlaa>https://ro.wikipedia.org/wiki/Leo_Butnaru</urlaa>
    </person>
    <person>
        <name>George Grigore</name>
        <description>George Grigore (n. 2 februarie 1958, satul Grindu, județul Ialomița) este un scriitor, traducător, cercetător, filolog, pedagog și orientalist (arabist) român. </description>
        <phone>0766776733</phone>
        <email>george@gmail.com</email>
        <image>220px-George_Grigore.jpeg</image>
        <urlaa>https://ro.wikipedia.org/wiki/George_Grigore</urlaa>
    </person>
</people>
